id|id|title|creationDate
0|0|Album 0 of Rahul Reddy|2014-04-04 02:44:21
1|1|Album 1 of Meera Rao|2014-08-25 19:31:19
2|2|Album 2 of Meera Rao|2012-10-16 13:29:59
3|3|Album 3 of Rahul Reddy|2013-05-18 09:14:40
4|4|Album 4 of Meera Rao|2012-04-18 23:46:50
5|5|Album 5 of Rahul Reddy|2012-12-23 07:36:32
6|6|Album 6 of Meera Rao|2013-10-28 15:41:12
7|7|Album 7 of Mahinda Perera|2010-08-23 06:43:16
8|8|Album 8 of Meera Rao|2013-04-06 01:42:22
9|9|Album 9 of Meera Rao|2013-02-22 16:18:42
10|10|Album 10 of Meera Rao|2012-07-18 12:25:30
11|11|Album 11 of Mahinda Perera|2013-06-19 20:02:58
12|12|Album 12 of Rahul Reddy|2011-04-22 10:48:03
13|13|Album 13 of Mahinda Perera|2012-05-04 09:17:10
14|14|Album 14 of Meera Rao|2013-10-24 01:49:11
15|15|Album 15 of Mahinda Perera|2012-12-19 05:55:07
16|16|Album 16 of Mahinda Perera|2012-02-08 18:11:04
17|17|Album 17 of Mahinda Perera|2010-01-30 02:34:25
18|18|Album 18 of Mahinda Perera|2010-08-18 01:19:38
19|19|Album 19 of Mahinda Perera|2011-10-21 17:28:28
20|20|Album 20 of Mahinda Perera|2011-08-24 20:43:01
21|21|Album 21 of Rahul Reddy|2010-07-10 04:00:16
22|22|Album 22 of Mahinda Perera|2014-09-28 20:38:55
23|23|Album 23 of Meera Rao|2011-05-09 19:50:20
24|24|Album 24 of Meera Rao|2012-02-29 21:31:42
25|25|Album 25 of Mahinda Perera|2014-10-17 07:14:13
26|26|Album 26 of Meera Rao|2010-01-30 21:57:48
27|27|Album 27 of Mahinda Perera|2014-06-14 21:46:43
28|28|Album 28 of Mahinda Perera|2014-01-03 15:11:46
29|29|Album 29 of Mahinda Perera|2014-07-26 08:54:29
30|30|Album 30 of Mahinda Perera|2014-01-12 05:29:08
31|31|Album 31 of Meera Rao|2012-08-26 04:57:46
32|32|Album 0 of Mahinda Perera|2013-01-09 20:29:43
33|33|Album 1 of Meera Rao|2010-11-09 12:23:49
34|34|Album 2 of Rahul Reddy|2013-01-24 19:39:06
35|35|Album 3 of Meera Rao|2010-12-30 17:20:25
36|36|Album 4 of Meera Rao|2011-07-10 18:17:48
37|37|Album 5 of Rahul Reddy|2014-05-09 17:58:40
38|38|Album 6 of Rahul Reddy|2012-01-05 17:02:31
39|39|Album 7 of Rahul Reddy|2013-05-30 11:34:00
40|40|Album 8 of Mahinda Perera|2014-02-25 11:22:54
41|41|Album 9 of Rahul Reddy|2010-07-03 11:16:13
42|42|Album 10 of Rahul Reddy|2013-09-27 21:37:06
43|43|Album 11 of Meera Rao|2012-03-23 06:14:23
44|44|Album 12 of Meera Rao|2010-10-09 20:12:01
45|45|Album 13 of Mahinda Perera|2010-12-28 22:14:31
46|46|Album 14 of Rahul Reddy|2011-11-05 22:25:33
47|47|Album 15 of Rahul Reddy|2010-01-09 21:27:26
48|48|Album 16 of Rahul Reddy|2014-07-14 13:10:47
49|49|Album 17 of Meera Rao|2014-02-28 00:03:24
50|50|Album 18 of Mahinda Perera|2013-06-22 07:43:41
51|51|Album 19 of Mahinda Perera|2010-05-21 02:32:00
52|52|Album 20 of Rahul Reddy|2014-08-03 18:51:40
53|53|Album 21 of Rahul Reddy|2011-04-29 19:58:41
54|54|Album 22 of Mahinda Perera|2014-07-16 00:20:55
55|55|Album 23 of Rahul Reddy|2012-10-19 07:40:42
56|56|Album 24 of Mahinda Perera|2012-08-06 03:47:49
57|57|Album 25 of Meera Rao|2012-07-24 21:56:09
58|58|Album 26 of Mahinda Perera|2010-03-29 11:21:10
59|59|Album 27 of Rahul Reddy|2014-02-07 01:57:17
60|60|Album 28 of Rahul Reddy|2012-09-23 19:43:43
61|61|Album 29 of Mahinda Perera|2014-07-09 11:28:56
62|62|Album 30 of Mahinda Perera|2010-08-06 15:14:01
63|63|Album 31 of Rahul Reddy|2013-06-30 16:11:32
64|64|Album 0 of Mahinda Perera|2011-04-02 04:27:34
65|65|Album 1 of Rahul Reddy|2010-01-15 11:02:13
66|66|Album 2 of Mahinda Perera|2014-02-21 04:23:30
67|67|Album 3 of Mahinda Perera|2010-01-29 13:28:05
68|68|Album 4 of Mahinda Perera|2012-07-06 10:32:42
69|69|Album 5 of Rahul Reddy|2013-12-23 07:04:11
70|70|Album 6 of Meera Rao|2012-05-22 19:52:10
71|71|Album 7 of Meera Rao|2012-02-26 02:57:16
72|72|Album 8 of Meera Rao|2011-06-04 07:11:37
73|73|Album 9 of Rahul Reddy|2012-04-18 16:19:56
74|74|Album 10 of Meera Rao|2013-08-09 14:28:01
75|75|Album 11 of Rahul Reddy|2011-09-17 08:08:57
76|76|Album 12 of Meera Rao|2010-07-24 23:20:59
77|77|Album 13 of Mahinda Perera|2010-02-15 19:31:20
78|78|Album 14 of Rahul Reddy|2013-06-18 07:57:59
79|79|Album 15 of Rahul Reddy|2012-09-30 11:05:26
80|80|Album 16 of Mahinda Perera|2013-11-26 02:47:07
81|81|Album 17 of Rahul Reddy|2011-10-27 20:03:33
82|82|Album 18 of Meera Rao|2013-09-27 01:09:38
83|83|Album 19 of Rahul Reddy|2010-12-09 23:58:20
84|84|Album 20 of Mahinda Perera|2014-04-12 22:26:57
85|85|Album 21 of Meera Rao|2014-12-21 10:53:18
86|86|Album 22 of Mahinda Perera|2012-12-19 11:17:36
87|87|Album 23 of Meera Rao|2013-12-05 21:45:02
88|88|Album 24 of Meera Rao|2014-12-01 03:51:50
89|89|Album 25 of Rahul Reddy|2010-09-04 02:12:49
90|90|Album 26 of Rahul Reddy|2014-10-07 11:13:02
91|91|Album 27 of Mahinda Perera|2010-01-14 13:34:08
92|92|Album 28 of Rahul Reddy|2014-07-07 08:37:39
93|93|Album 29 of Rahul Reddy|2011-12-20 13:39:26
94|94|Album 30 of Mahinda Perera|2012-01-18 15:56:17
95|95|Album 31 of Rahul Reddy|2012-09-29 21:43:33
96|96|Album 0 of Mahinda Perera|2014-07-18 20:32:57
97|97|Album 1 of Mahinda Perera|2012-07-16 20:24:38
98|98|Album 2 of Mahinda Perera|2014-06-16 17:23:34
99|99|Album 3 of Mahinda Perera|2011-04-26 01:36:04
100|100|Album 4 of Rahul Reddy|2013-03-18 14:42:50
101|101|Album 5 of Mahinda Perera|2012-08-23 23:29:18
102|102|Album 6 of Meera Rao|2014-11-20 09:43:39
103|103|Album 7 of Mahinda Perera|2012-02-02 23:51:52
104|104|Album 8 of Mahinda Perera|2014-02-01 09:13:29
105|105|Album 9 of Rahul Reddy|2012-04-25 18:00:35
106|106|Album 10 of Meera Rao|2010-09-12 07:04:09
107|107|Album 11 of Rahul Reddy|2011-03-10 16:30:15
108|108|Album 12 of Mahinda Perera|2014-11-24 17:44:55
109|109|Album 13 of Rahul Reddy|2013-08-21 22:53:15
110|110|Album 14 of Rahul Reddy|2013-03-18 13:43:02
111|111|Album 15 of Rahul Reddy|2011-07-08 09:29:37
112|112|Album 16 of Rahul Reddy|2013-07-15 11:30:57
113|113|Album 17 of Meera Rao|2012-01-01 23:16:53
114|114|Album 18 of Rahul Reddy|2012-02-17 10:51:58
115|115|Album 19 of Mahinda Perera|2012-09-12 03:19:31
116|116|Album 20 of Rahul Reddy|2010-12-25 09:11:50
117|117|Album 21 of Rahul Reddy|2010-02-14 03:21:24
118|118|Album 22 of Rahul Reddy|2010-05-27 22:03:10
119|119|Album 23 of Rahul Reddy|2010-01-12 06:50:47
120|120|Album 24 of Rahul Reddy|2011-07-15 08:53:32
121|121|Album 25 of Mahinda Perera|2013-04-25 11:07:38
122|122|Album 26 of Mahinda Perera|2011-04-08 02:12:06
123|123|Album 27 of Meera Rao|2014-01-13 12:02:36
124|124|Album 28 of Rahul Reddy|2012-03-21 17:49:43
125|125|Album 29 of Meera Rao|2012-11-15 19:42:49
126|126|Album 30 of Mahinda Perera|2010-01-08 08:07:04
127|127|Album 31 of Meera Rao|2014-01-07 16:36:23
128|128|Album 0 of Meera Rao|2014-12-06 00:11:47
129|129|Album 1 of Rahul Reddy|2010-09-19 09:44:21
130|130|Album 2 of Meera Rao|2010-02-15 12:51:54
131|131|Album 3 of Mahinda Perera|2010-12-21 08:04:46
132|132|Album 4 of Meera Rao|2014-07-17 09:34:11
133|133|Album 5 of Rahul Reddy|2011-05-23 08:31:33
134|134|Album 6 of Rahul Reddy|2013-12-31 15:36:40
135|135|Album 7 of Rahul Reddy|2012-01-22 17:52:43
136|136|Album 8 of Rahul Reddy|2013-09-23 03:02:12
137|137|Album 9 of Rahul Reddy|2014-02-16 05:33:23
138|138|Album 10 of Mahinda Perera|2014-12-10 23:49:45
139|139|Album 11 of Meera Rao|2011-10-24 23:36:15
140|140|Album 12 of Mahinda Perera|2014-02-01 11:30:19
141|141|Album 13 of Rahul Reddy|2013-07-03 22:46:19
142|142|Album 14 of Meera Rao|2013-03-25 20:18:39
143|143|Album 15 of Rahul Reddy|2010-12-06 06:27:46
144|144|Album 16 of Rahul Reddy|2010-03-01 08:59:48
145|145|Album 17 of Mahinda Perera|2011-12-06 13:25:06
146|146|Album 18 of Mahinda Perera|2013-03-17 05:48:21
147|147|Album 19 of Rahul Reddy|2014-10-21 06:14:17
148|148|Album 20 of Meera Rao|2010-08-11 10:34:49
149|149|Album 21 of Rahul Reddy|2012-09-13 11:26:51
150|150|Album 22 of Rahul Reddy|2012-10-06 11:54:32
151|151|Album 23 of Rahul Reddy|2014-10-17 21:06:36
152|152|Album 24 of Rahul Reddy|2014-03-12 07:44:18
153|153|Album 25 of Meera Rao|2014-11-19 19:22:48
154|154|Album 26 of Meera Rao|2012-10-21 06:33:06
155|155|Album 27 of Meera Rao|2010-12-11 22:40:18
156|156|Album 28 of Rahul Reddy|2011-04-28 17:46:44
157|157|Album 29 of Rahul Reddy|2013-08-15 05:26:08
158|158|Album 30 of Mahinda Perera|2014-02-20 14:18:14
159|159|Album 31 of Meera Rao|2010-10-02 03:12:57
160|160|Album 0 of Meera Rao|2011-12-28 09:41:17
161|161|Album 1 of Meera Rao|2012-06-21 17:56:07
162|162|Album 2 of Rahul Reddy|2012-04-15 21:18:22
163|163|Album 3 of Meera Rao|2012-01-19 17:05:38
164|164|Album 4 of Meera Rao|2011-06-18 22:25:36
165|165|Album 5 of Meera Rao|2010-02-03 20:20:07
166|166|Album 6 of Mahinda Perera|2010-01-04 09:29:00
167|167|Album 7 of Rahul Reddy|2013-09-10 08:12:14
168|168|Album 8 of Meera Rao|2013-04-23 11:52:14
169|169|Album 9 of Meera Rao|2010-09-11 07:21:10
170|170|Album 10 of Meera Rao|2012-02-10 12:20:34
171|171|Album 11 of Meera Rao|2011-01-20 19:15:07
172|172|Album 12 of Mahinda Perera|2011-04-10 18:30:29
173|173|Album 13 of Rahul Reddy|2010-10-19 08:15:36
174|174|Album 14 of Mahinda Perera|2013-07-01 13:17:05
175|175|Album 15 of Mahinda Perera|2010-12-28 15:44:36
176|176|Album 16 of Meera Rao|2014-02-09 18:45:14
177|177|Album 17 of Meera Rao|2014-08-14 10:24:12
178|178|Album 18 of Meera Rao|2012-07-30 09:05:56
179|179|Album 19 of Meera Rao|2010-12-30 20:25:08
180|180|Album 20 of Meera Rao|2011-02-23 13:45:49
181|181|Album 21 of Mahinda Perera|2011-06-21 08:07:43
182|182|Album 22 of Mahinda Perera|2013-04-15 04:27:06
183|183|Album 23 of Meera Rao|2010-12-20 04:03:44
184|184|Album 24 of Rahul Reddy|2013-12-11 17:20:29
185|185|Album 25 of Rahul Reddy|2010-06-14 04:42:38
186|186|Album 26 of Rahul Reddy|2013-04-18 16:27:38
187|187|Album 27 of Rahul Reddy|2012-09-21 01:55:02
188|188|Album 28 of Meera Rao|2014-05-06 22:41:39
189|189|Album 29 of Rahul Reddy|2011-11-16 12:53:40
190|190|Album 30 of Mahinda Perera|2011-09-06 12:51:19
191|191|Album 31 of Mahinda Perera|2013-12-20 01:17:43
192|192|Album 0 of Rahul Reddy|2011-10-07 16:38:30
193|193|Album 1 of Mahinda Perera|2010-07-04 05:00:46
194|194|Album 2 of Rahul Reddy|2013-11-16 10:27:36
195|195|Album 3 of Meera Rao|2011-03-07 13:21:31
196|196|Album 4 of Rahul Reddy|2013-08-24 17:02:43
197|197|Album 5 of Meera Rao|2013-01-12 00:14:38
198|198|Album 6 of Meera Rao|2011-11-11 14:09:46
199|199|Album 7 of Meera Rao|2013-09-13 03:23:29
200|200|Album 8 of Rahul Reddy|2014-03-18 20:32:12
201|201|Album 9 of Rahul Reddy|2012-04-26 21:42:33
202|202|Album 10 of Meera Rao|2013-03-07 00:48:18
203|203|Album 11 of Mahinda Perera|2014-06-24 05:00:49
204|204|Album 12 of Meera Rao|2013-01-15 16:07:23
205|205|Album 13 of Rahul Reddy|2014-12-27 16:36:37
206|206|Album 14 of Mahinda Perera|2010-06-09 23:50:53
207|207|Album 15 of Rahul Reddy|2014-05-03 18:22:48
208|208|Album 16 of Mahinda Perera|2010-05-27 20:21:43
209|209|Album 17 of Mahinda Perera|2011-06-01 02:27:43
210|210|Album 18 of Rahul Reddy|2013-10-28 06:42:08
211|211|Album 19 of Rahul Reddy|2013-02-19 05:27:43
212|212|Album 20 of Rahul Reddy|2014-01-29 06:59:02
213|213|Album 21 of Meera Rao|2014-06-22 14:41:45
214|214|Album 22 of Rahul Reddy|2012-10-29 15:11:18
215|215|Album 23 of Rahul Reddy|2012-07-17 09:40:15
216|216|Album 24 of Meera Rao|2011-02-22 15:39:48
217|217|Album 25 of Rahul Reddy|2012-07-08 17:43:28
218|218|Album 26 of Mahinda Perera|2014-07-05 15:19:47
219|219|Album 27 of Meera Rao|2013-09-26 16:30:29
220|220|Album 28 of Mahinda Perera|2012-05-03 02:47:24
221|221|Album 29 of Meera Rao|2014-04-06 08:20:52
222|222|Album 30 of Meera Rao|2012-09-27 22:56:16
223|223|Album 31 of Meera Rao|2012-05-31 20:18:59
224|224|Album 0 of Mahinda Perera|2014-03-12 17:32:45
225|225|Album 1 of Rahul Reddy|2011-06-17 14:00:54
226|226|Album 2 of Rahul Reddy|2010-08-31 17:40:54
227|227|Album 3 of Meera Rao|2013-03-09 00:59:59
228|228|Album 4 of Meera Rao|2011-01-29 14:32:21
229|229|Album 5 of Mahinda Perera|2011-07-23 10:00:29
230|230|Album 6 of Rahul Reddy|2013-09-09 23:29:29
231|231|Album 7 of Meera Rao|2012-06-15 18:15:11
232|232|Album 8 of Meera Rao|2013-03-05 04:21:56
233|233|Album 9 of Mahinda Perera|2011-12-22 18:30:19
234|234|Album 10 of Meera Rao|2011-09-26 21:46:44
235|235|Album 11 of Mahinda Perera|2012-01-13 06:56:08
236|236|Album 12 of Mahinda Perera|2011-04-10 23:02:18
237|237|Album 13 of Rahul Reddy|2010-11-17 01:51:59
238|238|Album 14 of Rahul Reddy|2010-08-10 14:17:05
239|239|Album 15 of Meera Rao|2010-01-20 06:49:39
240|240|Album 16 of Mahinda Perera|2012-06-21 12:17:26
241|241|Album 17 of Mahinda Perera|2013-03-12 12:25:58
242|242|Album 18 of Mahinda Perera|2010-12-11 11:31:39
243|243|Album 19 of Rahul Reddy|2011-03-27 20:23:27
244|244|Album 20 of Rahul Reddy|2010-04-29 17:27:51
245|245|Album 21 of Meera Rao|2011-07-20 08:24:52
246|246|Album 22 of Rahul Reddy|2014-05-13 06:50:05
247|247|Album 23 of Meera Rao|2014-08-12 12:48:08
248|248|Album 24 of Mahinda Perera|2011-06-15 09:16:15
249|249|Album 25 of Meera Rao|2012-06-13 02:32:48
250|250|Album 26 of Meera Rao|2013-05-23 11:36:35
251|251|Album 27 of Rahul Reddy|2011-07-04 11:03:58
252|252|Album 28 of Mahinda Perera|2011-05-10 11:35:23
253|253|Album 29 of Meera Rao|2010-06-22 18:29:31
254|254|Album 30 of Meera Rao|2013-08-09 11:59:25
255|255|Album 31 of Meera Rao|2012-02-24 13:42:42
256|256|Album 0 of Mahinda Perera|2012-05-25 20:04:19
257|257|Album 1 of Rahul Reddy|2014-04-28 13:48:17
258|258|Album 2 of Meera Rao|2014-05-04 14:56:57
259|259|Album 3 of Mahinda Perera|2010-10-03 08:46:32
260|260|Album 4 of Mahinda Perera|2012-03-03 22:46:28
261|261|Album 5 of Rahul Reddy|2011-06-07 00:05:59
262|262|Album 6 of Mahinda Perera|2010-11-09 14:45:00
263|263|Album 7 of Meera Rao|2012-04-21 08:40:08
264|264|Album 8 of Mahinda Perera|2010-01-17 04:28:11
265|265|Album 9 of Mahinda Perera|2013-09-01 22:38:41
266|266|Album 10 of Mahinda Perera|2010-03-04 03:55:25
267|267|Album 11 of Rahul Reddy|2010-06-01 17:39:34
268|268|Album 12 of Mahinda Perera|2011-05-18 13:22:15
269|269|Album 13 of Mahinda Perera|2011-09-19 11:00:13
270|270|Album 14 of Mahinda Perera|2012-04-18 05:34:51
271|271|Album 15 of Meera Rao|2010-12-03 09:36:00
272|272|Album 16 of Rahul Reddy|2014-05-28 20:50:32
273|273|Album 17 of Mahinda Perera|2014-08-23 04:03:12
274|274|Album 18 of Meera Rao|2013-11-10 03:34:58
275|275|Album 19 of Mahinda Perera|2011-06-12 21:56:01
276|276|Album 20 of Rahul Reddy|2012-08-02 23:37:13
277|277|Album 21 of Meera Rao|2012-05-28 06:54:36
278|278|Album 22 of Mahinda Perera|2013-07-21 19:51:27
279|279|Album 23 of Rahul Reddy|2012-02-05 06:14:46
280|280|Album 24 of Meera Rao|2014-08-12 03:09:01
281|281|Album 25 of Rahul Reddy|2013-06-29 17:51:14
282|282|Album 26 of Rahul Reddy|2013-07-23 08:16:41
283|283|Album 27 of Rahul Reddy|2013-08-26 08:29:08
284|284|Album 28 of Rahul Reddy|2013-05-20 14:08:00
285|285|Album 29 of Mahinda Perera|2011-05-30 10:23:12
286|286|Album 30 of Mahinda Perera|2014-01-21 05:54:52
287|287|Album 31 of Rahul Reddy|2011-07-21 01:47:07
288|288|Album 0 of Mahinda Perera|2013-02-21 16:54:52
289|289|Album 1 of Mahinda Perera|2012-08-22 23:26:46
290|290|Album 2 of Mahinda Perera|2012-11-17 21:24:00
291|291|Album 3 of Meera Rao|2013-03-18 03:57:20
292|292|Album 4 of Mahinda Perera|2012-10-14 23:29:28
293|293|Album 5 of Mahinda Perera|2011-04-23 14:41:08
294|294|Album 6 of Mahinda Perera|2013-10-19 20:41:30
295|295|Album 7 of Mahinda Perera|2012-12-23 05:18:20
296|296|Album 8 of Meera Rao|2010-10-04 15:45:26
297|297|Album 9 of Mahinda Perera|2014-07-01 15:17:56
298|298|Album 10 of Rahul Reddy|2012-07-18 02:42:48
299|299|Album 11 of Rahul Reddy|2013-11-05 06:49:49
300|300|Album 12 of Rahul Reddy|2013-09-19 18:26:56
301|301|Album 13 of Mahinda Perera|2014-01-04 12:32:38
302|302|Album 14 of Rahul Reddy|2010-04-21 02:43:00
303|303|Album 15 of Rahul Reddy|2011-01-03 03:47:31
304|304|Album 16 of Rahul Reddy|2011-10-20 00:16:17
305|305|Album 17 of Meera Rao|2013-07-07 10:48:33
306|306|Album 18 of Rahul Reddy|2012-06-03 01:32:19
307|307|Album 19 of Mahinda Perera|2011-07-24 07:28:14
308|308|Album 20 of Meera Rao|2014-11-07 06:24:13
309|309|Album 21 of Mahinda Perera|2014-06-25 04:10:18
310|310|Album 22 of Meera Rao|2011-08-04 16:05:36
311|311|Album 23 of Mahinda Perera|2010-03-24 19:23:01
312|312|Album 24 of Mahinda Perera|2014-07-27 07:44:42
313|313|Album 25 of Meera Rao|2011-11-22 12:06:05
314|314|Album 26 of Rahul Reddy|2014-03-05 08:49:54
315|315|Album 27 of Mahinda Perera|2010-07-17 19:36:02
316|316|Album 28 of Rahul Reddy|2010-05-24 21:35:54
317|317|Album 29 of Mahinda Perera|2011-08-29 08:36:04
318|318|Album 30 of Mahinda Perera|2012-07-20 08:46:12
319|319|Album 31 of Mahinda Perera|2010-08-27 01:45:38
320|320|Album 0 of Meera Rao|2011-12-15 23:41:15
321|321|Album 1 of Mahinda Perera|2011-02-22 12:42:22
322|322|Album 2 of Rahul Reddy|2012-02-23 11:46:40
323|323|Album 3 of Rahul Reddy|2010-03-23 12:08:50
324|324|Album 4 of Meera Rao|2010-03-25 15:26:31
325|325|Album 5 of Rahul Reddy|2011-04-29 00:01:24
326|326|Album 6 of Rahul Reddy|2014-03-11 08:46:28
327|327|Album 7 of Mahinda Perera|2013-12-26 03:05:40
328|328|Album 8 of Rahul Reddy|2014-11-01 09:52:17
329|329|Album 9 of Meera Rao|2014-11-15 15:12:57
330|330|Album 10 of Meera Rao|2013-11-28 05:27:11
331|331|Album 11 of Meera Rao|2011-09-07 13:08:04
332|332|Album 12 of Rahul Reddy|2010-09-24 08:09:07
333|333|Album 13 of Meera Rao|2010-07-10 11:26:26
334|334|Album 14 of Mahinda Perera|2010-06-05 09:33:00
335|335|Album 15 of Meera Rao|2012-03-13 19:49:15
336|336|Album 16 of Rahul Reddy|2013-10-22 08:43:21
337|337|Album 17 of Meera Rao|2014-06-15 14:19:18
338|338|Album 18 of Rahul Reddy|2010-12-11 03:10:45
339|339|Album 19 of Rahul Reddy|2010-06-25 14:45:39
340|340|Album 20 of Rahul Reddy|2010-11-12 09:11:56
341|341|Album 21 of Mahinda Perera|2010-07-03 12:25:10
342|342|Album 22 of Meera Rao|2012-05-27 03:04:59
343|343|Album 23 of Meera Rao|2013-09-08 23:28:33
344|344|Album 24 of Rahul Reddy|2010-05-08 04:20:13
345|345|Album 25 of Rahul Reddy|2011-12-14 11:05:44
346|346|Album 26 of Rahul Reddy|2014-01-08 09:38:06
347|347|Album 27 of Mahinda Perera|2012-02-23 03:54:40
348|348|Album 28 of Rahul Reddy|2011-05-16 00:43:29
349|349|Album 29 of Meera Rao|2010-11-13 07:55:08
350|350|Album 30 of Mahinda Perera|2010-02-20 12:25:11
351|351|Album 31 of Mahinda Perera|2012-09-11 21:59:43
352|352|Album 0 of Mahinda Perera|2012-05-02 02:56:48
353|353|Album 1 of Rahul Reddy|2010-11-15 15:37:47
354|354|Album 2 of Meera Rao|2012-12-12 05:30:23
355|355|Album 3 of Meera Rao|2013-06-15 19:28:02
356|356|Album 4 of Meera Rao|2013-08-09 02:58:59
357|357|Album 5 of Meera Rao|2014-12-05 05:46:31
358|358|Album 6 of Rahul Reddy|2013-02-01 20:14:36
359|359|Album 7 of Rahul Reddy|2010-08-27 01:02:53
360|360|Album 8 of Rahul Reddy|2010-11-03 14:34:47
361|361|Album 9 of Mahinda Perera|2014-04-02 09:15:08
362|362|Album 10 of Mahinda Perera|2010-02-10 12:22:09
363|363|Album 11 of Mahinda Perera|2012-09-18 08:19:05
364|364|Album 12 of Mahinda Perera|2010-01-01 16:22:14
365|365|Album 13 of Meera Rao|2012-08-19 19:08:36
366|366|Album 14 of Meera Rao|2013-05-11 15:13:50
367|367|Album 15 of Rahul Reddy|2012-02-12 04:51:30
368|368|Album 16 of Mahinda Perera|2011-01-31 10:28:07
369|369|Album 17 of Mahinda Perera|2013-08-25 03:39:47
370|370|Album 18 of Mahinda Perera|2013-03-19 10:27:17
371|371|Album 19 of Meera Rao|2010-09-20 14:57:16
372|372|Album 20 of Meera Rao|2012-06-19 15:18:09
373|373|Album 21 of Rahul Reddy|2014-04-01 16:36:54
374|374|Album 22 of Rahul Reddy|2013-12-11 01:47:32
375|375|Album 23 of Meera Rao|2010-06-19 00:36:46
376|376|Album 24 of Meera Rao|2012-08-23 14:14:51
377|377|Album 25 of Meera Rao|2013-10-16 06:29:50
378|378|Album 26 of Rahul Reddy|2010-06-06 02:08:27
379|379|Album 27 of Meera Rao|2012-01-10 02:59:56
380|380|Album 28 of Rahul Reddy|2013-05-10 17:54:27
381|381|Album 29 of Mahinda Perera|2012-11-30 10:00:08
382|382|Album 30 of Mahinda Perera|2012-09-06 05:07:48
383|383|Album 31 of Rahul Reddy|2011-06-12 21:08:36
384|384|Album 0 of Mahinda Perera|2012-08-07 16:42:43
385|385|Album 1 of Meera Rao|2014-07-23 12:05:13
386|386|Album 2 of Meera Rao|2014-08-27 16:04:19
387|387|Album 3 of Mahinda Perera|2013-12-22 18:42:06
388|388|Album 4 of Meera Rao|2013-09-03 00:12:02
389|389|Album 5 of Rahul Reddy|2011-05-25 20:52:19
390|390|Album 6 of Meera Rao|2013-10-06 06:02:06
391|391|Album 7 of Meera Rao|2010-12-11 05:12:24
392|392|Album 8 of Meera Rao|2013-01-19 22:22:56
393|393|Album 9 of Rahul Reddy|2014-07-25 16:40:44
394|394|Album 10 of Rahul Reddy|2010-04-01 11:50:53
395|395|Album 11 of Meera Rao|2010-02-09 22:33:44
396|396|Album 12 of Rahul Reddy|2012-09-09 19:17:37
397|397|Album 13 of Meera Rao|2012-10-25 14:33:58
398|398|Album 14 of Rahul Reddy|2012-08-05 23:37:39
399|399|Album 15 of Rahul Reddy|2014-03-11 06:12:05
400|400|Album 16 of Mahinda Perera|2012-04-08 15:28:32
401|401|Album 17 of Meera Rao|2012-12-17 18:13:08
402|402|Album 18 of Meera Rao|2014-10-09 13:16:16
403|403|Album 19 of Mahinda Perera|2014-06-09 03:09:49
404|404|Album 20 of Meera Rao|2012-04-24 08:35:34
405|405|Album 21 of Meera Rao|2014-02-08 11:18:05
406|406|Album 22 of Rahul Reddy|2011-05-03 12:07:27
407|407|Album 23 of Meera Rao|2014-05-26 07:39:29
408|408|Album 24 of Mahinda Perera|2010-11-27 11:04:24
409|409|Album 25 of Mahinda Perera|2011-12-19 03:31:18
410|410|Album 26 of Mahinda Perera|2011-03-08 02:11:38
411|411|Album 27 of Mahinda Perera|2010-01-22 00:30:39
412|412|Album 28 of Rahul Reddy|2014-10-07 11:47:04
413|413|Album 29 of Meera Rao|2013-11-03 06:45:39
414|414|Album 30 of Meera Rao|2012-08-01 04:26:25
415|415|Album 31 of Meera Rao|2012-02-23 20:19:44
416|416|Album 0 of Mahinda Perera|2011-02-05 13:09:40
417|417|Album 1 of Meera Rao|2012-08-22 21:18:20
418|418|Album 2 of Mahinda Perera|2011-01-22 14:43:21
419|419|Album 3 of Mahinda Perera|2012-03-09 15:32:21
420|420|Album 4 of Rahul Reddy|2011-01-14 10:19:45
421|421|Album 5 of Meera Rao|2011-04-13 11:33:08
422|422|Album 6 of Rahul Reddy|2012-09-21 05:24:24
423|423|Album 7 of Rahul Reddy|2011-11-11 08:10:43
424|424|Album 8 of Rahul Reddy|2010-02-15 00:41:39
425|425|Album 9 of Meera Rao|2014-11-29 02:09:00
426|426|Album 10 of Meera Rao|2014-03-10 19:04:04
427|427|Album 11 of Rahul Reddy|2011-08-08 08:53:08
428|428|Album 12 of Mahinda Perera|2011-04-10 11:41:25
429|429|Album 13 of Meera Rao|2014-10-12 21:09:18
430|430|Album 14 of Rahul Reddy|2010-05-12 19:41:41
431|431|Album 15 of Meera Rao|2011-03-31 06:36:57
432|432|Album 16 of Mahinda Perera|2012-10-08 08:55:29
433|433|Album 17 of Rahul Reddy|2010-03-07 21:29:50
434|434|Album 18 of Mahinda Perera|2011-04-15 00:00:21
435|435|Album 19 of Rahul Reddy|2012-04-11 16:33:44
436|436|Album 20 of Rahul Reddy|2014-07-19 11:44:43
437|437|Album 21 of Rahul Reddy|2010-04-15 19:26:54
438|438|Album 22 of Mahinda Perera|2010-10-04 14:26:02
439|439|Album 23 of Rahul Reddy|2010-05-22 01:21:28
440|440|Album 24 of Meera Rao|2011-07-08 14:40:46
441|441|Album 25 of Meera Rao|2014-02-22 15:35:15
442|442|Album 26 of Rahul Reddy|2010-05-06 22:32:46
443|443|Album 27 of Mahinda Perera|2011-07-02 01:00:58
444|444|Album 28 of Mahinda Perera|2012-12-10 23:39:21
445|445|Album 29 of Rahul Reddy|2011-10-08 03:20:28
446|446|Album 30 of Meera Rao|2012-01-07 10:50:38
447|447|Album 31 of Mahinda Perera|2014-08-27 16:06:06
448|448|Album 0 of Rahul Reddy|2014-06-30 10:32:05
449|449|Album 1 of Mahinda Perera|2014-01-01 02:13:45
450|450|Album 2 of Rahul Reddy|2014-04-04 22:53:00
451|451|Album 3 of Rahul Reddy|2010-10-10 18:00:49
452|452|Album 4 of Rahul Reddy|2012-03-28 20:54:24
453|453|Album 5 of Mahinda Perera|2014-02-06 23:56:54
454|454|Album 6 of Meera Rao|2014-11-22 03:47:41
455|455|Album 7 of Rahul Reddy|2014-10-28 03:02:43
456|456|Album 8 of Meera Rao|2014-07-07 13:15:44
457|457|Album 9 of Meera Rao|2011-12-23 16:54:38
458|458|Album 10 of Mahinda Perera|2011-05-31 19:28:26
459|459|Album 11 of Meera Rao|2010-05-30 09:47:18
460|460|Album 12 of Mahinda Perera|2012-11-15 20:58:12
461|461|Album 13 of Meera Rao|2011-01-31 20:09:06
462|462|Album 14 of Meera Rao|2013-03-08 04:42:36
463|463|Album 15 of Mahinda Perera|2013-02-08 22:13:22
464|464|Album 16 of Mahinda Perera|2010-06-23 01:11:38
465|465|Album 17 of Rahul Reddy|2010-02-04 11:51:02
466|466|Album 18 of Meera Rao|2014-02-27 13:50:40
467|467|Album 19 of Mahinda Perera|2010-09-05 11:20:30
468|468|Album 20 of Mahinda Perera|2013-10-19 03:30:58
469|469|Album 21 of Meera Rao|2010-12-02 04:50:31
470|470|Album 22 of Meera Rao|2013-08-25 06:35:23
471|471|Album 23 of Meera Rao|2011-08-16 00:28:03
472|472|Album 24 of Meera Rao|2010-12-07 00:39:24
473|473|Album 25 of Mahinda Perera|2012-09-11 16:00:48
474|474|Album 26 of Meera Rao|2014-06-13 21:23:26
475|475|Album 27 of Rahul Reddy|2011-03-25 21:50:01
476|476|Album 28 of Mahinda Perera|2011-11-19 09:51:37
477|477|Album 29 of Rahul Reddy|2014-07-28 02:11:45
478|478|Album 30 of Rahul Reddy|2013-07-01 01:28:40
479|479|Album 31 of Meera Rao|2013-07-25 18:29:38
480|480|Album 0 of Mahinda Perera|2012-08-10 18:03:04
481|481|Album 1 of Rahul Reddy|2013-02-03 14:05:13
482|482|Album 2 of Mahinda Perera|2013-08-29 03:44:18
483|483|Album 3 of Mahinda Perera|2012-08-30 01:08:39
484|484|Album 4 of Mahinda Perera|2013-09-28 10:13:24
485|485|Album 5 of Mahinda Perera|2014-08-24 23:16:20
486|486|Album 6 of Rahul Reddy|2014-09-18 10:32:26
487|487|Album 7 of Rahul Reddy|2014-06-16 06:59:25
488|488|Album 8 of Rahul Reddy|2013-06-30 22:11:24
489|489|Album 9 of Mahinda Perera|2011-02-24 17:35:11
490|490|Album 10 of Meera Rao|2013-10-29 17:05:43
491|491|Album 11 of Mahinda Perera|2010-07-10 03:36:57
492|492|Album 12 of Rahul Reddy|2014-10-26 22:33:02
493|493|Album 13 of Rahul Reddy|2013-03-14 04:24:31
494|494|Album 14 of Rahul Reddy|2011-10-28 12:04:33
495|495|Album 15 of Rahul Reddy|2010-11-12 00:46:07
496|496|Album 16 of Meera Rao|2014-10-11 21:47:56
497|497|Album 17 of Rahul Reddy|2014-06-16 12:39:09
498|498|Album 18 of Rahul Reddy|2014-05-17 17:22:18
499|499|Album 19 of Mahinda Perera|2012-06-20 00:47:00
500|500|Album 20 of Meera Rao|2011-06-16 15:17:21
501|501|Album 21 of Meera Rao|2013-11-28 06:41:45
502|502|Album 22 of Mahinda Perera|2014-12-27 10:59:37
503|503|Album 23 of Rahul Reddy|2014-02-06 19:43:27
504|504|Album 24 of Meera Rao|2011-12-31 08:24:30
505|505|Album 25 of Mahinda Perera|2010-04-14 00:44:14
506|506|Album 26 of Meera Rao|2013-04-22 14:07:14
507|507|Album 27 of Meera Rao|2012-11-07 05:30:06
508|508|Album 28 of Meera Rao|2012-02-27 22:27:29
509|509|Album 29 of Meera Rao|2011-05-16 18:27:21
510|510|Album 30 of Meera Rao|2010-08-20 20:22:35
511|511|Album 31 of Mahinda Perera|2012-08-17 19:53:11
512|512|Album 0 of Mahinda Perera|2012-04-22 06:18:53
513|513|Album 1 of Rahul Reddy|2013-04-02 14:07:48
514|514|Album 2 of Meera Rao|2013-01-18 00:47:18
515|515|Album 3 of Meera Rao|2010-07-20 23:25:33
516|516|Album 4 of Rahul Reddy|2010-02-19 08:44:29
517|517|Album 5 of Mahinda Perera|2010-10-07 13:01:25
518|518|Album 6 of Meera Rao|2013-05-24 19:49:46
519|519|Album 7 of Mahinda Perera|2014-10-18 22:29:01
520|520|Album 8 of Meera Rao|2013-09-10 19:46:30
521|521|Album 9 of Meera Rao|2010-07-16 18:13:50
522|522|Album 10 of Meera Rao|2014-01-28 21:39:45
523|523|Album 11 of Rahul Reddy|2013-12-10 04:58:47
524|524|Album 12 of Meera Rao|2014-07-18 19:10:22
525|525|Album 13 of Mahinda Perera|2010-12-20 01:33:29
526|526|Album 14 of Mahinda Perera|2010-07-25 01:46:04
527|527|Album 15 of Mahinda Perera|2011-11-17 17:04:28
528|528|Album 16 of Rahul Reddy|2014-11-08 13:55:25
529|529|Album 17 of Meera Rao|2010-06-13 03:42:13
530|530|Album 18 of Rahul Reddy|2012-05-07 02:07:56
531|531|Album 19 of Meera Rao|2014-10-05 04:51:49
532|532|Album 20 of Meera Rao|2012-08-21 05:42:16
533|533|Album 21 of Rahul Reddy|2014-02-02 01:28:35
534|534|Album 22 of Mahinda Perera|2011-01-18 20:48:30
535|535|Album 23 of Meera Rao|2014-10-04 03:57:24
536|536|Album 24 of Meera Rao|2011-08-10 15:35:06
537|537|Album 25 of Rahul Reddy|2014-06-15 09:14:34
538|538|Album 26 of Meera Rao|2011-01-13 15:47:18
539|539|Album 27 of Rahul Reddy|2013-05-01 22:08:05
540|540|Album 28 of Meera Rao|2010-10-26 21:28:40
541|541|Album 29 of Mahinda Perera|2014-09-07 08:53:34
542|542|Album 30 of Meera Rao|2013-05-10 07:45:52
543|543|Album 31 of Mahinda Perera|2011-11-23 10:51:08
544|544|Album 0 of Mahinda Perera|2014-01-11 08:32:11
545|545|Album 1 of Mahinda Perera|2013-04-01 01:20:21
546|546|Album 2 of Meera Rao|2011-06-12 02:36:11
547|547|Album 3 of Rahul Reddy|2010-07-30 01:34:36
548|548|Album 4 of Mahinda Perera|2014-07-30 17:26:11
549|549|Album 5 of Mahinda Perera|2014-01-01 22:22:10
550|550|Album 6 of Mahinda Perera|2012-10-13 22:16:02
551|551|Album 7 of Mahinda Perera|2014-05-25 10:20:15
552|552|Album 8 of Mahinda Perera|2012-02-23 20:15:58
553|553|Album 9 of Rahul Reddy|2014-05-21 14:59:59
554|554|Album 10 of Mahinda Perera|2014-07-17 12:53:07
555|555|Album 11 of Rahul Reddy|2014-05-07 21:58:42
556|556|Album 12 of Mahinda Perera|2014-08-14 11:31:47
557|557|Album 13 of Rahul Reddy|2014-11-18 02:20:49
558|558|Album 14 of Mahinda Perera|2014-06-12 16:19:40
559|559|Album 15 of Rahul Reddy|2011-10-05 11:38:14
560|560|Album 16 of Mahinda Perera|2011-09-15 12:02:35
561|561|Album 17 of Meera Rao|2012-12-13 18:34:51
562|562|Album 18 of Rahul Reddy|2014-05-11 15:38:28
563|563|Album 19 of Rahul Reddy|2013-02-10 01:30:25
564|564|Album 20 of Meera Rao|2012-08-20 21:05:56
565|565|Album 21 of Rahul Reddy|2010-04-02 16:31:42
566|566|Album 22 of Rahul Reddy|2010-05-30 18:39:04
567|567|Album 23 of Mahinda Perera|2013-10-09 16:24:59
568|568|Album 24 of Rahul Reddy|2011-07-07 14:32:03
569|569|Album 25 of Mahinda Perera|2013-03-31 22:19:45
570|570|Album 26 of Meera Rao|2012-05-09 10:13:51
571|571|Album 27 of Meera Rao|2014-08-09 21:07:03
572|572|Album 28 of Mahinda Perera|2011-09-24 17:36:27
573|573|Album 29 of Mahinda Perera|2013-06-29 17:16:58
574|574|Album 30 of Rahul Reddy|2013-01-09 15:43:51
575|575|Album 31 of Meera Rao|2014-05-11 06:46:40
576|576|Album 0 of Mahinda Perera|2013-06-29 00:18:46
577|577|Album 1 of Meera Rao|2012-06-23 09:02:14
578|578|Album 2 of Mahinda Perera|2011-03-27 17:02:16
579|579|Album 3 of Mahinda Perera|2011-08-03 22:02:57
580|580|Album 4 of Meera Rao|2012-07-04 03:00:22
581|581|Album 5 of Mahinda Perera|2013-07-06 21:39:33
582|582|Album 6 of Mahinda Perera|2011-11-11 15:55:26
583|583|Album 7 of Meera Rao|2012-01-17 00:03:36
584|584|Album 8 of Rahul Reddy|2011-07-07 09:54:04
585|585|Album 9 of Mahinda Perera|2013-12-12 01:33:43
586|586|Album 10 of Meera Rao|2012-11-10 15:25:37
587|587|Album 11 of Meera Rao|2014-12-12 15:32:10
588|588|Album 12 of Rahul Reddy|2014-02-23 18:23:42
589|589|Album 13 of Mahinda Perera|2011-07-22 21:44:51
590|590|Album 14 of Mahinda Perera|2013-09-11 01:55:37
591|591|Album 15 of Rahul Reddy|2010-08-28 23:36:34
592|592|Album 16 of Mahinda Perera|2010-07-16 07:52:48
593|593|Album 17 of Mahinda Perera|2014-07-11 08:39:06
594|594|Album 18 of Mahinda Perera|2013-05-15 14:49:24
595|595|Album 19 of Rahul Reddy|2012-12-08 17:35:11
596|596|Album 20 of Mahinda Perera|2013-12-31 20:59:35
597|597|Album 21 of Meera Rao|2011-09-02 01:17:40
598|598|Album 22 of Meera Rao|2013-07-20 02:32:16
599|599|Album 23 of Rahul Reddy|2013-09-11 08:03:26
600|600|Album 24 of Rahul Reddy|2014-03-02 05:20:23
601|601|Album 25 of Mahinda Perera|2010-01-09 02:43:59
602|602|Album 26 of Rahul Reddy|2013-02-12 12:59:14
603|603|Album 27 of Mahinda Perera|2013-09-16 00:18:16
604|604|Album 28 of Meera Rao|2010-12-16 10:21:50
605|605|Album 29 of Rahul Reddy|2011-12-29 22:28:37
606|606|Album 30 of Mahinda Perera|2014-02-01 20:27:42
607|607|Album 31 of Meera Rao|2010-03-18 00:17:37
608|608|Album 0 of Mahinda Perera|2012-12-19 20:46:38
609|609|Album 1 of Mahinda Perera|2013-01-05 00:00:25
610|610|Album 2 of Meera Rao|2014-08-13 18:44:58
611|611|Album 3 of Mahinda Perera|2011-09-26 22:03:57
612|612|Album 4 of Mahinda Perera|2014-02-06 08:10:12
613|613|Album 5 of Meera Rao|2011-05-01 11:59:22
614|614|Album 6 of Rahul Reddy|2010-02-22 23:03:17
615|615|Album 7 of Rahul Reddy|2010-01-09 23:01:45
616|616|Album 8 of Meera Rao|2010-05-26 05:16:33
617|617|Album 9 of Mahinda Perera|2012-10-02 19:51:34
618|618|Album 10 of Mahinda Perera|2012-04-24 12:01:19
619|619|Album 11 of Rahul Reddy|2010-02-19 14:37:11
620|620|Album 12 of Meera Rao|2010-09-22 04:25:40
621|621|Album 13 of Rahul Reddy|2012-03-25 08:39:45
622|622|Album 14 of Meera Rao|2014-10-24 17:46:36
623|623|Album 15 of Rahul Reddy|2012-09-11 15:49:46
624|624|Album 16 of Meera Rao|2011-09-15 03:30:58
625|625|Album 17 of Mahinda Perera|2014-11-19 07:13:58
626|626|Album 18 of Mahinda Perera|2012-02-14 00:59:54
627|627|Album 19 of Rahul Reddy|2012-08-25 11:58:03
628|628|Album 20 of Rahul Reddy|2014-04-08 08:41:09
629|629|Album 21 of Rahul Reddy|2014-11-20 05:43:55
630|630|Album 22 of Meera Rao|2010-09-07 11:16:57
631|631|Album 23 of Mahinda Perera|2014-08-23 09:10:45
632|632|Album 24 of Rahul Reddy|2011-10-09 12:36:09
633|633|Album 25 of Meera Rao|2014-08-03 11:00:10
634|634|Album 26 of Rahul Reddy|2014-10-30 05:45:51
635|635|Album 27 of Meera Rao|2014-12-22 15:55:37
636|636|Album 28 of Rahul Reddy|2014-11-17 17:36:34
637|637|Album 29 of Rahul Reddy|2014-02-10 23:21:17
638|638|Album 30 of Rahul Reddy|2011-06-24 13:46:53
639|639|Album 31 of Rahul Reddy|2011-03-07 02:25:59
640|640|Album 0 of Rahul Reddy|2011-05-25 06:13:47
641|641|Album 1 of Mahinda Perera|2010-03-08 12:21:46
642|642|Album 2 of Mahinda Perera|2010-04-09 23:24:03
643|643|Album 3 of Meera Rao|2014-03-11 11:39:56
644|644|Album 4 of Meera Rao|2011-03-28 22:52:56
645|645|Album 5 of Rahul Reddy|2010-09-27 21:50:48
646|646|Album 6 of Rahul Reddy|2010-10-20 12:33:06
647|647|Album 7 of Meera Rao|2011-10-31 09:31:34
648|648|Album 8 of Rahul Reddy|2010-07-16 06:04:26
649|649|Album 9 of Mahinda Perera|2014-02-17 13:57:05
650|650|Album 10 of Mahinda Perera|2011-06-05 19:13:41
651|651|Album 11 of Meera Rao|2011-02-03 03:13:39
652|652|Album 12 of Rahul Reddy|2014-05-02 00:59:29
653|653|Album 13 of Meera Rao|2014-03-20 02:42:31
654|654|Album 14 of Rahul Reddy|2011-11-25 17:13:33
655|655|Album 15 of Rahul Reddy|2013-10-24 12:17:14
656|656|Album 16 of Rahul Reddy|2014-05-01 19:24:56
657|657|Album 17 of Rahul Reddy|2014-04-02 00:10:37
658|658|Album 18 of Rahul Reddy|2012-08-31 15:43:31
659|659|Album 19 of Meera Rao|2011-10-25 15:28:58
660|660|Album 20 of Meera Rao|2011-07-31 14:48:28
661|661|Album 21 of Mahinda Perera|2011-01-29 09:31:42
662|662|Album 22 of Rahul Reddy|2012-05-04 23:20:30
663|663|Album 23 of Mahinda Perera|2013-10-09 02:11:34
664|664|Album 24 of Meera Rao|2013-08-02 02:46:30
665|665|Album 25 of Meera Rao|2011-07-05 16:40:27
666|666|Album 26 of Mahinda Perera|2011-12-14 06:04:41
667|667|Album 27 of Rahul Reddy|2011-03-01 06:38:12
668|668|Album 28 of Meera Rao|2010-06-17 08:39:35
669|669|Album 29 of Mahinda Perera|2011-09-16 23:39:41
670|670|Album 30 of Rahul Reddy|2014-06-16 20:55:32
671|671|Album 31 of Mahinda Perera|2010-07-17 17:00:01
672|672|Album 0 of Mahinda Perera|2011-04-04 23:13:58
673|673|Album 1 of Meera Rao|2012-11-23 16:33:39
674|674|Album 2 of Mahinda Perera|2010-08-10 13:13:30
675|675|Album 3 of Mahinda Perera|2014-04-23 23:39:28
676|676|Album 4 of Mahinda Perera|2014-10-15 14:41:32
677|677|Album 5 of Rahul Reddy|2013-12-18 05:34:13
678|678|Album 6 of Mahinda Perera|2011-02-06 14:32:25
679|679|Album 7 of Mahinda Perera|2010-08-20 10:17:23
680|680|Album 8 of Rahul Reddy|2013-12-25 06:30:21
681|681|Album 9 of Mahinda Perera|2011-11-11 14:12:36
682|682|Album 10 of Mahinda Perera|2014-01-15 15:29:29
683|683|Album 11 of Mahinda Perera|2014-05-06 07:51:30
684|684|Album 12 of Meera Rao|2012-12-13 15:26:25
685|685|Album 13 of Rahul Reddy|2011-01-15 07:08:40
686|686|Album 14 of Meera Rao|2011-12-10 09:31:07
687|687|Album 15 of Rahul Reddy|2014-07-24 06:13:35
688|688|Album 16 of Rahul Reddy|2010-01-14 13:23:49
689|689|Album 17 of Mahinda Perera|2011-09-29 22:19:16
690|690|Album 18 of Rahul Reddy|2012-04-05 05:50:11
691|691|Album 19 of Rahul Reddy|2011-08-08 12:25:03
692|692|Album 20 of Meera Rao|2012-12-01 23:24:49
693|693|Album 21 of Meera Rao|2012-10-03 05:55:46
694|694|Album 22 of Meera Rao|2010-07-14 18:27:06
695|695|Album 23 of Rahul Reddy|2013-12-03 15:44:03
696|696|Album 24 of Rahul Reddy|2012-02-05 14:05:27
697|697|Album 25 of Meera Rao|2010-05-03 20:11:49
698|698|Album 26 of Rahul Reddy|2012-11-07 21:37:39
699|699|Album 27 of Mahinda Perera|2014-09-09 07:05:39
700|700|Album 28 of Meera Rao|2010-09-01 02:07:40
701|701|Album 29 of Mahinda Perera|2013-06-04 12:51:02
702|702|Album 30 of Rahul Reddy|2014-12-06 10:39:37
703|703|Album 31 of Meera Rao|2014-05-15 19:08:51
704|704|Album 0 of Meera Rao|2010-11-17 07:07:06
705|705|Album 1 of Rahul Reddy|2012-01-23 12:57:15
706|706|Album 2 of Meera Rao|2010-07-16 17:08:51
707|707|Album 3 of Mahinda Perera|2012-03-30 05:45:15
708|708|Album 4 of Meera Rao|2010-08-31 16:53:55
709|709|Album 5 of Rahul Reddy|2012-10-20 01:23:33
710|710|Album 6 of Meera Rao|2013-10-23 11:58:12
711|711|Album 7 of Rahul Reddy|2013-10-07 02:50:22
712|712|Album 8 of Rahul Reddy|2011-12-01 16:26:45
713|713|Album 9 of Rahul Reddy|2011-08-18 22:00:52
714|714|Album 10 of Mahinda Perera|2010-04-21 05:56:23
715|715|Album 11 of Mahinda Perera|2012-11-14 06:12:16
716|716|Album 12 of Rahul Reddy|2011-04-12 11:26:01
717|717|Album 13 of Rahul Reddy|2014-11-10 07:35:25
718|718|Album 14 of Rahul Reddy|2014-12-16 21:34:01
719|719|Album 15 of Meera Rao|2014-03-11 12:43:57
720|720|Album 16 of Mahinda Perera|2010-07-31 02:47:21
721|721|Album 17 of Meera Rao|2013-09-05 06:52:37
722|722|Album 18 of Meera Rao|2013-08-21 06:15:09
723|723|Album 19 of Mahinda Perera|2011-04-17 01:57:16
724|724|Album 20 of Rahul Reddy|2013-01-23 20:52:13
725|725|Album 21 of Meera Rao|2014-08-02 21:11:51
726|726|Album 22 of Rahul Reddy|2010-09-08 22:25:30
727|727|Album 23 of Rahul Reddy|2013-07-08 03:05:09
728|728|Album 24 of Mahinda Perera|2011-03-04 17:00:35
729|729|Album 25 of Mahinda Perera|2014-04-06 03:04:04
730|730|Album 26 of Rahul Reddy|2011-09-18 04:24:56
731|731|Album 27 of Meera Rao|2010-03-29 06:03:09
732|732|Album 28 of Mahinda Perera|2010-04-12 09:14:48
733|733|Album 29 of Rahul Reddy|2014-09-12 04:18:02
734|734|Album 30 of Mahinda Perera|2013-03-07 17:39:17
735|735|Album 31 of Mahinda Perera|2011-04-02 11:43:55
736|736|Album 0 of Rahul Reddy|2011-06-16 10:37:54
737|737|Album 1 of Rahul Reddy|2010-03-31 19:19:21
738|738|Album 2 of Mahinda Perera|2014-12-29 08:35:52
739|739|Album 3 of Rahul Reddy|2013-09-30 10:30:11
740|740|Album 4 of Mahinda Perera|2013-01-03 14:08:38
741|741|Album 5 of Rahul Reddy|2012-08-19 17:52:30
742|742|Album 6 of Rahul Reddy|2013-12-31 04:46:04
743|743|Album 7 of Mahinda Perera|2013-10-14 00:58:15
744|744|Album 8 of Meera Rao|2012-06-11 15:14:38
745|745|Album 9 of Rahul Reddy|2010-12-09 11:51:26
746|746|Album 10 of Meera Rao|2013-10-10 04:26:43
747|747|Album 11 of Mahinda Perera|2010-12-13 00:24:39
748|748|Album 12 of Rahul Reddy|2012-03-09 19:52:24
749|749|Album 13 of Mahinda Perera|2011-05-02 05:13:24
750|750|Album 14 of Meera Rao|2013-12-03 07:26:30
751|751|Album 15 of Rahul Reddy|2014-10-07 08:23:46
752|752|Album 16 of Meera Rao|2013-04-30 06:47:39
753|753|Album 17 of Mahinda Perera|2011-10-23 23:20:04
754|754|Album 18 of Rahul Reddy|2011-01-21 18:45:53
755|755|Album 19 of Mahinda Perera|2011-04-14 16:40:11
756|756|Album 20 of Rahul Reddy|2011-11-01 03:56:54
757|757|Album 21 of Rahul Reddy|2010-07-21 00:40:00
758|758|Album 22 of Rahul Reddy|2013-08-07 13:29:08
759|759|Album 23 of Mahinda Perera|2011-05-13 16:11:55
760|760|Album 24 of Rahul Reddy|2012-09-20 16:56:23
761|761|Album 25 of Meera Rao|2010-08-01 22:32:50
762|762|Album 26 of Mahinda Perera|2010-09-21 15:45:47
763|763|Album 27 of Rahul Reddy|2014-03-19 20:10:59
764|764|Album 28 of Mahinda Perera|2010-12-24 18:36:40
765|765|Album 29 of Meera Rao|2013-10-12 09:42:34
766|766|Album 30 of Mahinda Perera|2011-11-26 00:07:50
767|767|Album 31 of Rahul Reddy|2014-02-12 20:34:12
768|768|Album 0 of Mahinda Perera|2011-10-25 17:07:52
769|769|Album 1 of Mahinda Perera|2012-08-02 19:42:32
770|770|Album 2 of Rahul Reddy|2014-11-07 19:08:10
771|771|Album 3 of Mahinda Perera|2013-07-13 11:26:40
772|772|Album 4 of Meera Rao|2010-03-12 00:52:12
773|773|Album 5 of Meera Rao|2011-04-09 11:13:12
774|774|Album 6 of Mahinda Perera|2012-03-17 12:58:43
775|775|Album 7 of Rahul Reddy|2014-11-25 05:12:40
776|776|Album 8 of Rahul Reddy|2013-09-12 05:11:05
777|777|Album 9 of Meera Rao|2013-03-10 18:17:58
778|778|Album 10 of Rahul Reddy|2010-09-09 01:59:00
779|779|Album 11 of Meera Rao|2014-12-08 15:25:37
780|780|Album 12 of Meera Rao|2012-09-13 02:00:58
781|781|Album 13 of Meera Rao|2010-06-06 03:01:23
782|782|Album 14 of Meera Rao|2010-05-11 11:27:59
783|783|Album 15 of Mahinda Perera|2013-06-24 16:18:17
784|784|Album 16 of Rahul Reddy|2010-10-07 06:46:02
785|785|Album 17 of Meera Rao|2010-05-01 11:11:52
786|786|Album 18 of Rahul Reddy|2014-07-22 02:30:32
787|787|Album 19 of Rahul Reddy|2011-09-03 04:18:50
788|788|Album 20 of Meera Rao|2010-09-21 10:35:29
789|789|Album 21 of Meera Rao|2014-06-03 00:43:36
790|790|Album 22 of Meera Rao|2010-10-12 05:54:48
791|791|Album 23 of Meera Rao|2010-04-07 20:44:55
792|792|Album 24 of Meera Rao|2012-11-18 00:42:24
793|793|Album 25 of Mahinda Perera|2010-09-13 05:35:25
794|794|Album 26 of Rahul Reddy|2012-01-16 22:43:58
795|795|Album 27 of Mahinda Perera|2012-02-13 06:46:06
796|796|Album 28 of Rahul Reddy|2011-10-20 11:51:01
797|797|Album 29 of Rahul Reddy|2013-08-07 09:34:21
798|798|Album 30 of Mahinda Perera|2010-12-19 03:34:45
799|799|Album 31 of Meera Rao|2014-03-29 12:13:03
800|800|Album 0 of Mahinda Perera|2010-03-16 19:10:23
801|801|Album 1 of Meera Rao|2011-09-26 01:26:27
802|802|Album 2 of Meera Rao|2014-07-09 19:52:41
803|803|Album 3 of Mahinda Perera|2011-02-05 11:33:29
804|804|Album 4 of Meera Rao|2014-06-11 23:13:20
805|805|Album 5 of Mahinda Perera|2014-04-29 16:42:12
806|806|Album 6 of Meera Rao|2014-03-17 06:21:26
807|807|Album 7 of Mahinda Perera|2014-12-22 23:45:47
808|808|Album 8 of Meera Rao|2011-06-22 15:03:59
809|809|Album 9 of Mahinda Perera|2011-11-26 07:10:36
810|810|Album 10 of Meera Rao|2010-04-07 07:33:59
811|811|Album 11 of Rahul Reddy|2012-10-12 05:00:03
812|812|Album 12 of Mahinda Perera|2014-09-09 21:40:12
813|813|Album 13 of Meera Rao|2011-06-16 16:12:11
814|814|Album 14 of Rahul Reddy|2010-10-08 18:48:47
815|815|Album 15 of Mahinda Perera|2012-06-18 04:40:34
816|816|Album 16 of Rahul Reddy|2010-05-10 22:20:29
817|817|Album 17 of Meera Rao|2012-01-29 21:27:14
818|818|Album 18 of Rahul Reddy|2011-07-15 21:47:37
819|819|Album 19 of Mahinda Perera|2013-07-09 02:40:48
820|820|Album 20 of Mahinda Perera|2010-10-24 11:00:47
821|821|Album 21 of Rahul Reddy|2013-04-08 10:59:17
822|822|Album 22 of Meera Rao|2014-10-16 20:18:40
823|823|Album 23 of Meera Rao|2014-01-07 09:40:16
824|824|Album 24 of Rahul Reddy|2011-05-10 22:39:51
825|825|Album 25 of Mahinda Perera|2012-04-26 00:25:16
826|826|Album 26 of Rahul Reddy|2013-11-05 07:11:42
827|827|Album 27 of Rahul Reddy|2011-01-14 07:18:43
828|828|Album 28 of Meera Rao|2010-03-29 08:44:53
829|829|Album 29 of Meera Rao|2013-04-08 00:16:46
830|830|Album 30 of Mahinda Perera|2014-09-29 22:01:41
831|831|Album 31 of Meera Rao|2013-01-29 13:02:31
832|832|Album 0 of Rahul Reddy|2013-01-25 17:33:50
833|833|Album 1 of Rahul Reddy|2012-04-23 17:04:17
834|834|Album 2 of Mahinda Perera|2010-07-07 11:08:29
835|835|Album 3 of Mahinda Perera|2014-09-01 20:27:56
836|836|Album 4 of Meera Rao|2010-08-24 12:56:27
837|837|Album 5 of Rahul Reddy|2012-04-22 08:40:45
838|838|Album 6 of Rahul Reddy|2011-03-10 01:52:36
839|839|Album 7 of Mahinda Perera|2011-10-15 17:50:36
840|840|Album 8 of Mahinda Perera|2014-09-18 04:39:00
841|841|Album 9 of Meera Rao|2013-11-28 09:08:18
842|842|Album 10 of Mahinda Perera|2014-03-19 16:10:50
843|843|Album 11 of Rahul Reddy|2010-11-15 12:14:54
844|844|Album 12 of Mahinda Perera|2010-07-18 20:15:03
845|845|Album 13 of Mahinda Perera|2011-04-04 06:52:44
846|846|Album 14 of Meera Rao|2012-07-03 22:29:49
847|847|Album 15 of Meera Rao|2013-07-05 23:32:52
848|848|Album 16 of Meera Rao|2012-01-01 08:46:46
849|849|Album 17 of Mahinda Perera|2013-02-15 23:32:00
850|850|Album 18 of Meera Rao|2012-04-14 19:52:55
851|851|Album 19 of Rahul Reddy|2011-12-03 07:26:13
852|852|Album 20 of Meera Rao|2012-01-09 04:57:42
853|853|Album 21 of Meera Rao|2013-09-01 00:25:29
854|854|Album 22 of Rahul Reddy|2014-10-31 02:23:53
855|855|Album 23 of Rahul Reddy|2012-03-30 02:08:40
856|856|Album 24 of Meera Rao|2013-03-25 22:05:02
857|857|Album 25 of Meera Rao|2014-05-10 01:46:31
858|858|Album 26 of Meera Rao|2012-02-19 12:01:11
859|859|Album 27 of Meera Rao|2013-03-31 12:12:05
860|860|Album 28 of Mahinda Perera|2012-10-24 13:43:47
861|861|Album 29 of Meera Rao|2010-08-04 02:02:48
862|862|Album 30 of Mahinda Perera|2011-08-28 16:55:35
863|863|Album 31 of Rahul Reddy|2010-11-14 21:30:07
864|864|Album 0 of Mahinda Perera|2010-03-28 04:48:36
865|865|Album 1 of Mahinda Perera|2012-06-19 07:25:40
866|866|Album 2 of Meera Rao|2011-05-30 15:50:35
867|867|Album 3 of Meera Rao|2014-04-11 19:52:27
868|868|Album 4 of Rahul Reddy|2010-05-04 23:42:39
869|869|Album 5 of Mahinda Perera|2011-02-09 00:18:07
870|870|Album 6 of Meera Rao|2012-07-14 06:03:44
871|871|Album 7 of Meera Rao|2014-04-28 22:15:00
872|872|Album 8 of Meera Rao|2014-05-21 00:53:07
873|873|Album 9 of Meera Rao|2012-12-21 00:00:03
874|874|Album 10 of Rahul Reddy|2014-02-05 13:23:41
875|875|Album 11 of Rahul Reddy|2011-12-07 01:30:36
876|876|Album 12 of Rahul Reddy|2014-03-04 00:16:40
877|877|Album 13 of Rahul Reddy|2013-08-02 09:08:59
878|878|Album 14 of Mahinda Perera|2012-04-07 23:47:28
879|879|Album 15 of Meera Rao|2010-04-30 20:11:53
880|880|Album 16 of Rahul Reddy|2011-11-26 10:34:34
881|881|Album 17 of Mahinda Perera|2010-06-29 16:54:25
882|882|Album 18 of Rahul Reddy|2013-11-02 14:09:20
883|883|Album 19 of Rahul Reddy|2012-02-20 07:56:30
884|884|Album 20 of Mahinda Perera|2014-08-21 04:50:19
885|885|Album 21 of Meera Rao|2014-02-02 00:22:07
886|886|Album 22 of Meera Rao|2013-02-11 09:28:23
887|887|Album 23 of Mahinda Perera|2014-01-09 19:21:03
888|888|Album 24 of Rahul Reddy|2012-08-22 00:31:43
889|889|Album 25 of Rahul Reddy|2013-08-27 09:33:51
890|890|Album 26 of Meera Rao|2014-10-24 02:17:45
891|891|Album 27 of Rahul Reddy|2010-02-15 08:32:02
892|892|Album 28 of Rahul Reddy|2010-08-17 00:26:14
893|893|Album 29 of Mahinda Perera|2012-07-31 03:20:10
894|894|Album 30 of Rahul Reddy|2011-11-22 21:14:31
895|895|Album 31 of Mahinda Perera|2011-12-17 12:54:50
896|896|Album 0 of Rahul Reddy|2011-07-10 22:45:56
897|897|Album 1 of Rahul Reddy|2014-11-03 05:06:29
898|898|Album 2 of Rahul Reddy|2011-12-29 09:01:52
899|899|Album 3 of Rahul Reddy|2013-09-06 01:31:22
900|900|Album 4 of Mahinda Perera|2013-01-09 14:34:58
901|901|Album 5 of Meera Rao|2011-12-07 21:51:38
902|902|Album 6 of Rahul Reddy|2012-02-02 19:40:47
903|903|Album 7 of Rahul Reddy|2011-03-24 13:21:43
