id|id|name|url
0|0|LlSQhrDHoP_University|http://HtYNuyraAt
1|1|AkdronhUpW_University|http://LOgzqTKcBH
2|2|xWONst_v_University|http://KSJQo
3|3|lMGBtxjfS_University|http://oOCXkCleBc
4|4|ZSiC_University|http://dxLpL
5|5|CWWBLXG_University|http://oBKyGnGTx
6|6|YzBRs_University|http://cpRMefOBrQOx
7|7|MgrDnYbkInhl_University|http://qBzPooCfEE
8|8|zVtTCuoEFM_University|http://CmEkFdNKTG
9|9|tjUufMArss__University|http://ZNMCFE
10|10|QCbYpJKgoKF_University|http://CyjgZzUNdAR
11|11|rAbvkTQJCjDi_University|http://RvvyI
12|12|jFzbLKr_University|http://bxnWD
13|13|RvhGFtu_University|http://XQxaxBTAbCg
14|14|ygld_University|http://dApHciQWG
15|15|NPGIYJYHXyqH_University|http://wqRznEWSp
16|16|SxTopjjXpU_University|http://KOvIr
17|17|POubf_University|http://kTRQvWs
18|18|PYSWfqKDcMh_University|http://dxvWTdK
19|19|TKQRcEGNoJ_University|http://TbqG
20|20|njxhJENh_University|http://MAYinOFvFUH
21|21|keovVyz_University|http://NzYjrlpQInL
22|22|KgvJWLFz_University|http://xCFAto
23|23|qMje_University|http://hQjPDxVaC
24|24|CPBjYFbkZrQ_University|http://hfeg
25|25|nQrStgyo_University|http://pYoGQ
26|26|Uf_yawpKGP_University|http://VcKue
27|27|VQbZWD_University|http://uXgFFwo
28|28|_vESiAoAZW_University|http://cNtCsKkXQQa
29|29|sqcYwHy_University|http://QqQhOmlBgP
30|30|wndLfzHHDIKr_University|http://DPBk
31|31|FbeTbU_University|http://ZZsBmOE
32|32|ApbYL_University|http://AQdRgfbZV
33|33|wmr_KnOoet_University|http://iMhTp
34|34|RAWZKslvUQt_University|http://iiVZLFVMGO
35|35|PsGEzevPah_University|http://tcuzcm
36|36|AY_tMjmKAS_University|http://VukYTGsBuBUj
37|37|EIDV_University|http://ftMEgSasA
38|38|YQwdfUk_University|http://itsEVwqaulmS
39|39|UPKiVsVA_University|http://UmiO
40|40|_uHJMRoeHYm_University|http://eZHJuUqCOsv
41|41|sVNIwrnRHDkW_University|http://IdkcK
42|42|yqkT_University|http://YAjSlVNSqzAg
43|43|fsQmgIiAmV_University|http://eiXQcT
44|44|ZLQZYEV_University|http://fhyCXiHjK
45|45|XlB_BCTAYDT_University|http://QKSbFf
46|46|PrKgDSvEjQ_University|http://uZPtZvJgdIw
47|47|naDMeHhEdTG_University|http://bepIErH
48|48|VnCAMkyGzpvM_University|http://arYsjKmL
49|49|OHIcXPRd_University|http://tkJTb
50|50|cIEpMOoxxoR_University|http://UWQAcYYm
51|51|ocPmiuIdGM_University|http://eDjiu
52|52|sUAP_University|http://wwJwoVHC
53|53|wYgEfku_University|http://ywUk
54|54|dOAaC_University|http://vrLtHMx
55|55|FqZAIHu_University|http://MjGrmRBIja
56|56|RfHTYaySp_University|http://VWVSdAaEY
57|57|qWeBlZEQmF_University|http://oPRfaKOOk
58|58|UBbpabxNBt_University|http://bTDuiwXS
59|59|gfcjHaBbB_University|http://xzcUx
60|60|cfZOjcJBNL_University|http://ZxwdVSt
61|61|PSKVZmh_f_University|http://LAmWOdGLgB
62|62|lrzAyFB_GZC_University|http://aLKxeSX
