id|id|firstName|lastName|gender|birthday|creationDate|locationIP|browserUsed|speaks|email
0|0|Rahul|Kumar|male|2001-07-02 11:59:03|2011-12-30 00:04:34|127.252.188.65|Firefox|ru|Rahul6753562@gmx.com
1|1|Jack|Monteno|male|1970-06-02 15:59:18|2014-07-23 19:01:08|146.142.121.141|Internet Explorer|fr;pl;sk|Jack12709360@zoho.com;Jack20237592@gmx.com;Jack26187@yahoo.com
2|2|Meera|Kumar|female|1988-09-03 01:45:36|2014-08-14 04:30:39|97.90.31.102|Safari|ar;en;fr|Meera4503610@gmail.com;Meera897361@yahoo.com;Meera931947@yahoo.com
3|3|Jack|Perera|male|1993-05-09 13:47:32|2013-02-01 15:51:41|108.24.157.235|Safari|ar|Jack32061@gmail.com
4|4|Mahinda|Reddy|male|1988-09-10 00:40:24|2013-05-06 22:11:32|208.208.148.221|Firefox|fr;sk;zh|Mahinda52547443@gmail.com;Mahinda5476@gmx.com;Mahinda6937@yahoo.com
5|5|Carmen|Lepland|male|1971-12-15 10:02:49|2011-11-12 23:25:15|172.6.25.216|Internet Explorer|pl;zh|Carmen7868@gmail.com
6|6|Hồ Chí|Reddy|female|1971-11-27 14:09:58|2013-10-25 23:19:21|157.29.29.142|Safari|en;fr;mg|Hồ_Chí4314920@zoho.com;Hồ_Chí89266@yahoo.com
7|7|Jack|Smith|male|2013-07-10 22:47:37|2014-01-16 16:30:23|126.79.170.52|Firefox|en|Jack15949@gmx.com;Jack722610@yahoo.com;Jack95048717@gmail.com
8|8|Carmen|Smith|female|1950-01-18 06:35:22|2011-04-29 00:31:21|191.46.188.134|Internet Explorer|en;fr|Carmen15977@gmx.com;Carmen9177@gmx.com
9|9|Carmen|Reddy|male|2008-01-18 14:46:48|2014-10-28 06:33:32|243.64.167.173|Internet Explorer|en;pl|Carmen08850963@yahoo.com;Carmen73656@pisem.net;Carmen9481293@pisem.net
10|10|Mahinda|Rao|male|1965-07-27 12:40:43|2013-10-08 08:58:54|70.169.240.41|Chrome|sk|Mahinda5611598@zoho.com